{"precision":0.8335848909,"recall":0.8337644809,"f1-score":0.8332716099,"support":8891.0}