{"precision":0.8158517079,"recall":0.8161061748,"f1-score":0.8152920116,"support":8891.0}