{"precision":0.7955873794,"recall":0.7955721679,"f1-score":0.7955209606,"support":6956.0}