{"precision":0.6390002811,"recall":0.6243611931,"f1-score":0.6273180308,"support":6956.0}