
{"precision":0.7959241661,"recall":0.796255566,"f1-score":0.7960303301,"support":6956.0} 
{"precision":0.6390002811,"recall":0.6243611931,"f1-score":0.6273180308,"support":6956.0}
Diff -{"precision":0.156923885,"recall":0.1718943729,"f1-score":0.1687122993} 