{"precision":0.7959241661,"recall":0.796255566,"f1-score":0.7960303301,"support":6956.0}