{"precision":0.7955873794,"recall":0.7955721679,"f1-score":0.7955209606,"support":6956.0} 
{"precision":0.6394760138,"recall":0.6250718804,"f1-score":0.6280919108,"support":6956.0}
Diff - {"precision":0.1561113656,"recall":0.1705002875,"f1-score":0.1674290498}