{"precision":0.6394760138,"recall":0.6250718804,"f1-score":0.6280919108,"support":6956.0}