{"precision":0.796564367,"recall":0.7966616085,"f1-score":0.7964695552,"support":2636.0}