{"precision":0.7864823266,"recall":0.7860394537,"f1-score":0.7858328864,"support":2636.0}