{"blue":0.9099048685,"green":0.8991416309,"purple":0.9032258065,"red":0.906547286,"tan":0.8885172798,"accuracy":0.9014272971,"macro avg":0.9014673743,"weighted avg":0.901399794}