{"blue":0.9317540891,"green":0.932038835,"purple":0.9244085401,"red":0.9291251384,"tan":0.9123196448,"accuracy":0.9259589652,"macro avg":0.9259292495,"weighted avg":0.9259781543}