{"blue":0.3029229407,"green":0.0350877193,"purple":0.2962255136,"red":0.351758794,"tan":0.2400482509,"accuracy":0.271632471,"macro avg":0.2452086437,"weighted avg":0.2423998372}