{"-1": {"precision": 0.8106448311156602, "recall": 0.7492904446546831, "f1-score": 0.7787610619469026, "support": 1057}, "0": {"precision": 0.8973561430793157, "recall": 0.8278335724533716, "f1-score": 0.8611940298507462, "support": 697}, "1": {"precision": 0.8288065843621399, "recall": 0.8548387096774194, "f1-score": 0.8416213957375679, "support": 1178}, "2": {"precision": 0.8486486486486486, "recall": 0.9031639501438159, "f1-score": 0.8750580585229911, "support": 1043}, "3": {"precision": 0.8725, "recall": 0.8941076003415884, "f1-score": 0.883171657528469, "support": 1171}, "4": {"precision": 0.8540399652476107, "recall": 0.8585152838427947, "f1-score": 0.8562717770034843, "support": 1145}, "5": {"precision": 0.8544474393530997, "recall": 0.8506261180679785, "f1-score": 0.8525324966382788, "support": 1118}, "accuracy": 0.8501822108246727, "macro avg": {"precision": 0.852349087400925, "recall": 0.848339382740236, "f1-score": 0.8498014967469201, "support": 7409}, "weighted avg": {"precision": 0.8501321382831634, "recall": 0.8501822108246727, "f1-score": 0.8496794125224192, "support": 7409}}