{"precision":0.2767742028,"recall":0.2436828806,"f1-score":0.2196945148,"support":6332.0}