{"precision":0.2255386768,"recall":0.2746585736,"f1-score":0.243352045,"support":2636.0}